event_id,store_id,product_code,base_price,promo_type
a1503f,STCBE-1,P15,3000,"500 Cashback"
6b2afc,STCBE-4,P08,1190,BOGOF
8f25a6,STHYD-6,P15,3000,"500 Cashback"
0f422c,STBLR-0,P14,1020,BOGOF
7fc923,STTRV-0,P08,1190,BOGOF
ca7298,STCBE-2,P15,3000,"500 Cashback"
bf33ae,STMYS-0,P14,1020,BOGOF
4f0587,STMDU-0,P08,1190,BOGOF
fa5b45,STVJD-1,P08,1190,BOGOF
7e9777,STVJD-1,P08,1190,BOGOF
761785,STBLR-4,P14,1020,BOGOF
eb3bea,STVSK-2,P15,3000,"500 Cashback"
627200,STCBE-4,P14,1020,BOGOF
c8ce63,STMDU-0,P15,3000,"500 Cashback"
57a7bc,STHYD-5,P14,1020,BOGOF
70e65e,STCBE-0,P15,3000,"500 Cashback"
32efe6,STVSK-3,P08,1190,BOGOF
d834f0,STMYS-3,P08,1190,BOGOF
268ca2,STVJD-0,P15,3000,"500 Cashback"
1548f8,STVSK-4,P15,3000,"500 Cashback"
873333,STMLR-0,P15,3000,"500 Cashback"
f856b9,STMLR-2,P15,3000,"500 Cashback"
b00eeb,STCHE-0,P08,1190,BOGOF
6436da,STMDU-1,P08,1190,BOGOF
57576d,STBLR-5,P08,1190,BOGOF
582098,STMYS-1,P14,1020,BOGOF
71a7a0,STCHE-6,P14,1020,BOGOF
fd2628,STBLR-8,P15,3000,"500 Cashback"
7b187a,STVSK-1,P14,1020,BOGOF
345b49,STMDU-2,P14,1020,BOGOF
c381ea,STMLR-1,P08,1190,BOGOF
a0d919,STMDU-1,P08,1190,BOGOF
ff18f2,STVSK-3,P15,3000,"500 Cashback"
cf734f,STHYD-4,P08,1190,BOGOF
413f48,STVSK-0,P14,1020,BOGOF
8cbaa3,STHYD-2,P08,1190,BOGOF
34a266,STMLR-0,P08,1190,BOGOF
7014a8,STBLR-8,P14,1020,BOGOF
61b929,STVSK-2,P14,1020,BOGOF
e39703,STBLR-9,P08,1190,BOGOF
d2b963,STVJD-0,P14,1020,BOGOF
2e3393,STCHE-3,P14,1020,BOGOF
4b3df6,STTRV-1,P14,1020,BOGOF
ca1e8f,STHYD-1,P08,1190,BOGOF
e8aca2,STCBE-4,P08,1190,BOGOF
c8670a,STCHE-0,P15,3000,"500 Cashback"
c99d18,STCHE-7,P08,1190,BOGOF
5b357f,STMDU-1,P15,3000,"500 Cashback"
c48008,STBLR-2,P14,1020,BOGOF
4f255c,STHYD-1,P08,1190,BOGOF
a37f93,STVSK-3,P14,1020,BOGOF
38b760,STMDU-0,P14,1020,BOGOF
9.57E+11,STHYD-1,P15,3000,"500 Cashback"
5aa413,STCHE-1,P08,1190,BOGOF
6c7601,STCBE-2,P14,1020,BOGOF
14f1e9,STBLR-4,P08,1190,BOGOF
1f5ed3,STVSK-1,P08,1190,BOGOF
8b1147,STVSK-0,P15,3000,"500 Cashback"
5f0a89,STBLR-3,P15,3000,"500 Cashback"
f1b7e9,STCHE-3,P14,1020,BOGOF
333b7d,STHYD-6,P08,1190,BOGOF
2b0db4,STMLR-2,P14,1020,BOGOF
6.88E+10,STVJD-0,P08,1190,BOGOF
41b8f8,STBLR-0,P08,1190,BOGOF
a9ee19,STBLR-1,P08,1190,BOGOF
a55960,STBLR-1,P08,1190,BOGOF
6f3e24,STHYD-6,P15,3000,"500 Cashback"
79a95a,STHYD-3,P15,3000,"500 Cashback"
27bc6e,STCBE-2,P14,1020,BOGOF
fc376a,STHYD-0,P14,1020,BOGOF
d6ff76,STMDU-2,P14,1020,BOGOF
6a1a5a,STVSK-0,P15,3000,"500 Cashback"
361cfb,STMLR-0,P14,1020,BOGOF
e7bdad,STMLR-1,P14,1020,BOGOF
aac58d,STBLR-6,P08,1190,BOGOF
c1cdb5,STCHE-0,P15,3000,"500 Cashback"
b44f0e,STHYD-2,P15,3000,"500 Cashback"
99482c,STBLR-8,P08,1190,BOGOF
f98db5,STBLR-2,P15,3000,"500 Cashback"
f8e037,STHYD-2,P08,1190,BOGOF
2db607,STCBE-1,P14,1020,BOGOF
b78191,STBLR-3,P14,1020,BOGOF
7b1d41,STMYS-2,P14,1020,BOGOF
d78c78,STCHE-0,P14,1020,BOGOF
17537,STMDU-2,P08,1190,BOGOF
9.33E+11,STBLR-3,P08,1190,BOGOF
5f2c41,STCHE-6,P08,1190,BOGOF
66050c,STCHE-6,P08,1190,BOGOF
e12c11,STCHE-1,P14,1020,BOGOF
177b80,STMLR-0,P14,1020,BOGOF
ef6d6d,STBLR-2,P14,1020,BOGOF
c55ec9,STBLR-1,P15,3000,"500 Cashback"
6bbadf,STHYD-1,P14,1020,BOGOF
d3f755,STCBE-1,P08,1190,BOGOF
911349,STHYD-0,P15,3000,"500 Cashback"
3c3c49,STCBE-2,P08,1190,BOGOF
6a7668,STCHE-4,P15,3000,"500 Cashback"
c5f80e,STCHE-1,P14,1020,BOGOF
3.56E+10,STMDU-3,P08,1190,BOGOF
17df71,STHYD-0,P08,1190,BOGOF
342d35,STCBE-3,P08,1190,BOGOF
d8f51c,STMYS-1,P15,3000,"500 Cashback"
d88318,STCHE-5,P08,1190,BOGOF
333ef0,STHYD-0,P14,1020,BOGOF
5a6ad7,STBLR-9,P14,1020,BOGOF
c3c9e3,STVSK-1,P15,3000,"500 Cashback"
95792f,STMDU-2,P15,3000,"500 Cashback"
fc2170,STCBE-3,P08,1190,BOGOF
1d651c,STCHE-5,P15,3000,"500 Cashback"
06c981,STHYD-2,P14,1020,BOGOF
6c1493,STVJD-1,P15,3000,"500 Cashback"
4f7c26,STCBE-4,P15,3000,"500 Cashback"
c4dae9,STHYD-0,P08,1190,BOGOF
c1debe,STCHE-3,P15,3000,"500 Cashback"
5c6465,STHYD-5,P08,1190,BOGOF
335090,STMYS-0,P15,3000,"500 Cashback"
fc8d10,STMLR-0,P08,1190,BOGOF
8d5095,STCBE-2,P15,3000,"500 Cashback"
efd0d2,STMYS-2,P15,3000,"500 Cashback"
4ca177,STVSK-4,P14,1020,BOGOF
fa1dd3,STCHE-3,P15,3000,"500 Cashback"
4ff977,STVSK-4,P15,3000,"500 Cashback"
f8b215,STBLR-4,P14,1020,BOGOF
9d9a6c,STCBE-1,P15,3000,"500 Cashback"
e2f806,STMDU-1,P14,1020,BOGOF
221da2,STCBE-3,P15,3000,"500 Cashback"
e98f37,STBLR-3,P08,1190,BOGOF
716a3b,STCHE-5,P14,1020,BOGOF
c32fcd,STHYD-3,P08,1190,BOGOF
26a18a,STVSK-3,P15,3000,"500 Cashback"
d3d574,STMLR-2,P08,1190,BOGOF
9d3d1f,STCHE-6,P15,3000,"500 Cashback"
7d9576,STBLR-7,P15,3000,"500 Cashback"
59f792,STCHE-4,P15,3000,"500 Cashback"
86206,STHYD-1,P14,1020,BOGOF
457639,STCHE-4,P08,1190,BOGOF
420258,STVSK-3,P14,1020,BOGOF
642b50,STMYS-1,P14,1020,BOGOF
eb967c,STMYS-1,P15,3000,"500 Cashback"
417902,STMDU-0,P08,1190,BOGOF
380a4f,STCHE-1,P08,1190,BOGOF
8c13bb,STBLR-5,P08,1190,BOGOF
d70dcb,STCBE-4,P15,3000,"500 Cashback"
49057f,STHYD-0,P15,3000,"500 Cashback"
ac0b1c,STMYS-3,P14,1020,BOGOF
e5db3d,STCBE-0,P08,1190,BOGOF
0c0926,STMDU-3,P08,1190,BOGOF
1f0eaf,STBLR-6,P15,3000,"500 Cashback"
95f061,STMYS-3,P15,3000,"500 Cashback"
4ca50a,STHYD-3,P08,1190,BOGOF
d3d442,STBLR-5,P15,3000,"500 Cashback"
cf0ccd,STVSK-1,P08,1190,BOGOF
68c31e,STBLR-7,P08,1190,BOGOF
4b411a,STVJD-0,P15,3000,"500 Cashback"
7.83E+87,STMDU-3,P14,1020,BOGOF
6a1564,STMDU-3,P15,3000,"500 Cashback"
1cfaa8,STBLR-2,P08,1190,BOGOF
e74698,STBLR-5,P14,1020,BOGOF
ce3c11,STHYD-4,P14,1020,BOGOF
6.20E+94,STMYS-0,P08,1190,BOGOF
3080c6,STVSK-4,P14,1020,BOGOF
8a219d,STBLR-8,P08,1190,BOGOF
0690d9,STHYD-3,P15,3000,"500 Cashback"
c7f28c,STBLR-0,P15,3000,"500 Cashback"
8f9cc5,STMLR-1,P08,1190,BOGOF
608271,STMDU-0,P15,3000,"500 Cashback"
e2f6b2,STCHE-1,P15,3000,"500 Cashback"
2b8abd,STCHE-2,P14,1020,BOGOF
d58c29,STVSK-2,P08,1190,BOGOF
5.00E+300,STVJD-1,P14,1020,BOGOF
3d8361,STMYS-1,P08,1190,BOGOF
9fcb92,STMDU-2,P15,3000,"500 Cashback"
d0356d,STCHE-0,P08,1190,BOGOF
60170c,STHYD-4,P08,1190,BOGOF
e7769b,STHYD-5,P15,3000,"500 Cashback"
4a42f9,STBLR-7,P08,1190,BOGOF
686a37,STBLR-0,P14,1020,BOGOF
c16abb,STCHE-7,P08,1190,BOGOF
ef7122,STMLR-1,P15,3000,"500 Cashback"
8.31E+08,STCBE-2,P08,1190,BOGOF
0894b7,STCHE-3,P08,1190,BOGOF
e23132,STVJD-0,P08,1190,BOGOF
d76198,STCHE-4,P08,1190,BOGOF
e2c229,STTRV-1,P15,3000,"500 Cashback"
171bbb,STTRV-0,P15,3000,"500 Cashback"
cb43c4,STCHE-0,P14,1020,BOGOF
c95efb,STBLR-7,P15,3000,"500 Cashback"
f9d2c6,STBLR-9,P14,1020,BOGOF
0b38d9,STMYS-3,P08,1190,BOGOF
f013a9,STMYS-2,P14,1020,BOGOF
f41256,STMLR-1,P15,3000,"500 Cashback"
f94f2f,STTRV-1,P08,1190,BOGOF
802b3c,STBLR-1,P15,3000,"500 Cashback"
bea96f,STVSK-2,P14,1020,BOGOF
b7f012,STMYS-2,P15,3000,"500 Cashback"
a9d059,STCHE-7,P14,1020,BOGOF
1c7c7f,STBLR-8,P14,1020,BOGOF
cfeac1,STHYD-6,P14,1020,BOGOF
8e6e77,STBLR-0,P08,1190,BOGOF
63a2d2,STCHE-3,P08,1190,BOGOF
5947fb,STBLR-9,P15,3000,"500 Cashback"
eb4f04,STMLR-0,P15,3000,"500 Cashback"
c4006c,STCBE-3,P15,3000,"500 Cashback"
8e1636,STBLR-4,P15,3000,"500 Cashback"
fe1a8b,STBLR-8,P15,3000,"500 Cashback"
0312a8,STCHE-7,P15,3000,"500 Cashback"
d0daaa,STMDU-1,P14,1020,BOGOF
75f30e,STCHE-2,P15,3000,"500 Cashback"
7b49ce,STVJD-1,P15,3000,"500 Cashback"
4858ab,STBLR-7,P14,1020,BOGOF
bf49bf,STCHE-4,P14,1020,BOGOF
5bc324,STTRV-1,P14,1020,BOGOF
c3b511,STCBE-3,P14,1020,BOGOF
de6e7e,STVSK-1,P15,3000,"500 Cashback"
bb83e5,STMDU-2,P08,1190,BOGOF
be3489,STHYD-3,P14,1020,BOGOF
a6276f,STCHE-4,P14,1020,BOGOF
da99ec,STCHE-5,P14,1020,BOGOF
9c2c14,STVSK-0,P14,1020,BOGOF
29411f,STBLR-6,P08,1190,BOGOF
918a17,STVSK-1,P14,1020,BOGOF
7d89b1,STVSK-3,P08,1190,BOGOF
e96e9d,STHYD-1,P15,3000,"500 Cashback"
6a7fa1,STVJD-1,P14,1020,BOGOF
fc7056,STBLR-2,P08,1190,BOGOF
092c09,STHYD-5,P08,1190,BOGOF
2b50e0,STBLR-6,P15,3000,"500 Cashback"
4ad12b,STBLR-4,P15,3000,"500 Cashback"
6ec0eb,STCHE-2,P15,3000,"500 Cashback"
deea3e,STMLR-1,P14,1020,BOGOF
35e1c7,STBLR-1,P14,1020,BOGOF
fd5855,STVSK-4,P08,1190,BOGOF
30bacd,STBLR-3,P14,1020,BOGOF
c3b647,STCHE-5,P08,1190,BOGOF
9d63a7,STHYD-6,P08,1190,BOGOF
9fae1c,STHYD-2,P15,3000,"500 Cashback"
7cf0d8,STMDU-0,P14,1020,BOGOF
fc9ab7,STCBE-1,P08,1190,BOGOF
cf6323,STTRV-0,P15,3000,"500 Cashback"
4f75fe,STMYS-2,P08,1190,BOGOF
ee68d9,STCHE-1,P15,3000,"500 Cashback"
e411c6,STHYD-4,P15,3000,"500 Cashback"
49706e,STMDU-3,P15,3000,"500 Cashback"
40baa1,STCBE-0,P08,1190,BOGOF
0e96b4,STCBE-4,P14,1020,BOGOF
3ea7d6,STMYS-0,P15,3000,"500 Cashback"
fb508c,STBLR-9,P15,3000,"500 Cashback"
33da9a,STHYD-5,P14,1020,BOGOF
7c8fd1,STMYS-3,P15,3000,"500 Cashback"
4cd232,STVJD-0,P14,1020,BOGOF
496b80,STHYD-4,P15,3000,"500 Cashback"
5.23E+42,STCHE-5,P15,3000,"500 Cashback"
3adeb2,STMYS-0,P14,1020,BOGOF
a40872,STBLR-7,P14,1020,BOGOF
5dda21,STCBE-0,P14,1020,BOGOF
349c73,STCHE-2,P14,1020,BOGOF
6af3e0,STBLR-6,P14,1020,BOGOF
6b74c8,STBLR-5,P15,3000,"500 Cashback"
691b63,STCHE-6,P15,3000,"500 Cashback"
8cee6d,STCBE-3,P14,1020,BOGOF
6d153f,STHYD-5,P15,3000,"500 Cashback"
adf52a,STBLR-6,P14,1020,BOGOF
4fc1b2,STCHE-2,P08,1190,BOGOF
69a3d2,STTRV-1,P08,1190,BOGOF
886ef2,STMLR-2,P08,1190,BOGOF
a937e8,STMDU-3,P14,1020,BOGOF
e2c5f7,STTRV-0,P08,1190,BOGOF
bb77b1,STMYS-3,P14,1020,BOGOF
583386,STBLR-9,P08,1190,BOGOF
48d526,STCHE-7,P15,3000,"500 Cashback"
716abd,STMYS-1,P08,1190,BOGOF
e17280,STVSK-2,P08,1190,BOGOF
108d5a,STCBE-0,P14,1020,BOGOF
613571,STTRV-1,P15,3000,"500 Cashback"
34395c,STBLR-0,P15,3000,"500 Cashback"
d134e0,STBLR-3,P15,3000,"500 Cashback"
fc3573,STMYS-2,P08,1190,BOGOF
85e08f,STVSK-4,P08,1190,BOGOF
73f158,STHYD-2,P14,1020,BOGOF
141aea,STCHE-7,P14,1020,BOGOF
6562df,STCBE-1,P14,1020,BOGOF
536fbf,STMLR-2,P15,3000,"500 Cashback"
021d48,STMLR-2,P14,1020,BOGOF
80be79,STBLR-4,P08,1190,BOGOF
879d9a,STBLR-2,P15,3000,"500 Cashback"
dc23bb,STVSK-0,P08,1190,BOGOF
87bb82,STCBE-0,P15,3000,"500 Cashback"
7641,STBLR-1,P14,1020,BOGOF
4236be,STTRV-0,P14,1020,BOGOF
a617b5,STHYD-4,P14,1020,BOGOF
7bb8ed,STCHE-2,P08,1190,BOGOF
1130ea,STHYD-6,P14,1020,BOGOF
35418e,STTRV-0,P14,1020,BOGOF
59effd,STBLR-5,P14,1020,BOGOF
a42141,STMDU-1,P15,3000,"500 Cashback"
fb2c04,STVSK-0,P08,1190,BOGOF
04f19c,STMYS-0,P08,1190,BOGOF
3bcf8b,STCHE-6,P14,1020,BOGOF
ffb109,STVSK-2,P15,3000,"500 Cashback"
11578,STHYD-3,P14,1020,BOGOF
